listId,groupId,word,index,role
list-1,L1-G1,Anticipate,1,normal
list-1,L1-G1,Forecast,2,normal
list-1,L1-G1,Foresight,3,normal
list-1,L1-G1,Foresee,3,variant
list-1,L1-G1,Foretell,4,normal
list-1,L1-G1,Presage,5,normal
list-1,L1-G1,Prescience,6,normal
list-1,L1-G1,Prognosis,7,normal
list-1,L1-G2,Forebode,1,normal
list-1,L1-G2,Foreshadow,2,normal
list-1,L1-G2,Ominous,3,normal
list-1,L1-G2,Premonition,4,normal
list-1,L1-G3,Daunting,1,normal
list-1,L1-G3,Intimidate,2,normal
list-1,L1-G3,Sinister,3,normal
list-1,L1-G4,Enrage,1,normal
list-1,L1-G4,Fume,2,normal
list-1,L1-G4,Incense,3,normal
list-1,L1-G4,Indignation,4,normal
list-1,L1-G4,Infuriate,5,normal
list-1,L1-G4,Irate,6,normal
list-1,L1-G4,Ire,7,normal
list-1,L1-G4,Livid,8,normal
list-1,L1-G4,Wrath,9,normal
list-1,L1-G5,Cerebral,1,normal
list-1,L1-G5,Erudite,2,normal
list-1,L1-G5,Enlightened,3,normal
list-1,L1-G5,Enlightenment,3,variant
list-1,L1-G5,Pundit,4,normal
list-1,L1-G5,Refined,5,normal
list-1,L1-G5,Refinement,5,variant
list-1,L1-G6,Adept,1,normal
list-1,L1-G6,Adroit,2,normal
list-1,L1-G6,Consummate,3,normal
list-1,L1-G6,Deft,4,normal
list-1,L1-G6,Dexterous,5,normal
list-1,L1-G6,Finesse,6,normal
list-1,L1-G6,Proficient,7,normal
list-1,L1-G6,Prowess,8,normal
list-1,L1-G6,Inept,9,antonym
list-1,L1-G6,Maladroit,10,antonym
list-1,L1-G7,Agile,1,normal
list-1,L1-G7,Lithe,2,normal
list-1,L1-G7,Supple,3,normal
list-1,L1-G8,Circuitous,1,normal
list-1,L1-G8,Convoluted,2,normal
list-1,L1-G8,Complicated,3,normal
list-1,L1-G8,Intertwined,4,normal
list-1,L1-G8,Involved,5,normal
list-1,L1-G8,Meander,6,normal
list-1,L1-G8,Tortuous,7,normal
list-1,L1-G9,Affinity,1,normal
list-1,L1-G9,Aptitude,2,normal
list-1,L1-G9,Bent,3,normal
list-1,L1-G9,Disposed,4,normal
list-1,L1-G9,Penchant,5,normal
list-1,L1-G9,Predilection,6,normal
list-1,L1-G9,Predisposition,7,normal
list-1,L1-G9,Proclivity,8,normal
list-1,L1-G9,Propensity,9,normal
list-1,L1-G10,Futile,1,normal
list-1,L1-G10,Ineffectual,2,normal
list-1,L1-G10,Efficacy,3,antonym
list-1,L1-G10,Feckless,4,note
list-1,L1-G11,Aghast,1,normal
list-1,L1-G11,Appalling,2,normal
list-1,L1-G11,Egregious,3,normal
list-1,L1-G11,Ghastly,4,normal
list-1,L1-G11,Gross,5,normal
list-1,L1-G11,Gruesome,6,normal
list-1,L1-G11,Heinous,7,normal
list-1,L1-G11,Hideous,8,normal
list-1,L1-G11,Horrendous,9,normal
list-1,L1-G11,Monstrous,10,normal
list-1,L1-G11,Morbid,11,normal
list-1,L1-G11,Unsightly,12,normal
list-1,L1-G11,Vile,13,normal
list-1,L1-G12,Aesthetic,1,normal
list-1,L1-G12,Comely,2,normal
list-1,L1-G13,Disjointed,1,normal
list-1,L1-G13,Polarize,2,normal
list-1,L1-G13,Segregate,3,normal
list-1,L1-G13,Nexus,4,antonym
list-1,L1-G14,Prodigy,1,normal
list-1,L1-G14,Precocious,2,normal
list-1,L1-G15,Avert,1,normal
list-1,L1-G15,Circumvent,2,normal
list-1,L1-G15,Deflect,3,normal
list-1,L1-G15,Elude,4,normal
list-1,L1-G15,Elusive,4,variant
list-1,L1-G15,Evade,5,normal
list-1,L1-G15,Evasive,5,variant
list-1,L1-G15,Shirk,6,normal
list-1,L1-G15,Skirt,7,normal
list-1,L1-G15,Swerve,8,normal
list-1,L1-G15,Head-On,9,antonym
list-1,L1-G15,Inevitable,10,antonym
list-1,L1-G15,Unavoidable,11,antonym
list-1,L1-G16,Fumble,1,normal
list-1,L1-G16,Gauche,2,normal
list-1,L1-G16,Gawky,3,normal
list-1,L1-G16,Ungainly,4,normal
list-1,L1-G17,Buoyant,1,normal
list-1,L1-G17,Sanguine,2,normal
list-1,L1-G17,Upbeat,3,normal
list-1,L1-G18,Dilatory,1,normal
list-1,L1-G18,Linger,2,normal
list-1,L1-G18,Malinger,3,normal
list-1,L1-G19,Didactic,1,normal
list-1,L1-G19,Pedantic,2,normal
list-1,L1-G19,Sophist,3,normal
list-1,L1-G20,Diffuse,1,normal
list-1,L1-G20,Disseminate,2,normal
list-1,L1-G20,Promulgate,3,normal
list-1,L1-G20,Propagate,4,normal
list-1,L1-G21,Adulation,1,normal
list-1,L1-G21,Obsequious,2,normal
list-1,L1-G21,Sycophant,3,normal
list-1,L1-G22,Anatomical,1,normal
list-1,L1-G22,Corporeal,2,normal
list-1,L1-G22,Physiological,3,normal
list-2,L2-G1,Animosity,1,normal
list-2,L2-G1,Antipathy,2,normal
list-2,L2-G1,Aversion,3,normal
list-2,L2-G1,Despicable,4,normal
list-2,L2-G1,Detest,5,normal
list-2,L2-G1,Loathe,6,normal
list-2,L2-G1,Repel,7,normal
list-2,L2-G1,Repugnant,8,normal
list-2,L2-G1,Repulsion,9,normal
list-2,L2-G2,Antiquated,1,normal
list-2,L2-G2,Archaic,2,normal
list-2,L2-G2,Dated,3,normal
list-2,L2-G2,Obsolete,4,normal
list-2,L2-G2,Outmoded,5,normal
list-2,L2-G2,Quaint,6,normal
list-2,L2-G3,Chronicle,1,normal
list-2,L2-G3,Chronological,2,normal
list-2,L2-G4,Contemporary,1,normal
list-2,L2-G4,Simultaneous,2,normal
list-2,L2-G4,Erstwhile,3,antonym
list-2,L2-G4,Anachronism,4,antonym
list-2,L2-G5,Caveat,1,normal
list-2,L2-G5,Circumspect,2,normal
list-2,L2-G5,Heedful,3,normal
list-2,L2-G5,Prudent,4,normal
list-2,L2-G5,Wary,5,normal
list-2,L2-G5,Folly,6,antonym
list-2,L2-G5,Rash,7,antonym
list-2,L2-G5,Reckless,8,antonym
list-2,L2-G6,Bask,1,normal
list-2,L2-G6,Complacent,2,normal
list-2,L2-G7,Admonish,1,normal
list-2,L2-G7,Berate,2,normal
list-2,L2-G7,Censure,3,normal
list-2,L2-G7,Chastise,4,normal
list-2,L2-G7,Rebuke,5,normal
list-2,L2-G7,Reprimand,6,normal
list-2,L2-G7,Reproach,7,normal
list-2,L2-G7,Reprove,8,normal
list-2,L2-G7,Upbraid,9,normal
list-2,L2-G8,Assail,1,normal
list-2,L2-G8,Castigate,2,normal
list-2,L2-G8,Decry,3,normal
list-2,L2-G8,Denounce,4,normal
list-2,L2-G8,Denunciation,5,normal
list-2,L2-G8,Epithet,6,normal
list-2,L2-G8,Excoriate,7,normal
list-2,L2-G8,Invective,8,normal
list-2,L2-G8,Vituperative,9,normal
list-2,L2-G9,Pulverize,1,normal
list-2,L2-G9,Subjugate,2,normal
list-2,L2-G9,Vanquish,3,normal
list-2,L2-G9,Capitulate,4,contrast
list-2,L2-G10,Canons,1,normal
list-2,L2-G10,Doctrine,2,normal
list-2,L2-G10,Dogmas,3,normal
list-2,L2-G10,Ideology,4,note
list-2,L2-G10,Mandate,5,normal
list-2,L2-G10,Tenets,6,normal
list-2,L2-G11,Dissident,1,normal
list-2,L2-G11,Heresy,2,normal
list-2,L2-G11,Heretical,3,normal
list-2,L2-G11,Heterodox,4,normal
list-2,L2-G11,Iconoclast,5,normal
list-2,L2-G11,Insurgent,6,normal
list-2,L2-G11,Insurrection,7,normal
list-2,L2-G11,Maverick,8,normal
list-2,L2-G11,Nonconformist,9,normal
list-2,L2-G11,Radical,10,normal
list-2,L2-G11,Renegade,11,normal
list-2,L2-G11,Revolutionary,12,normal
list-2,L2-G11,Subversive,13,normal
list-2,L2-G11,Conservative,14,antonym
list-2,L2-G11,Conventional,15,antonym
list-2,L2-G11,Hidebound,16,antonym
list-2,L2-G11,Orthodox,17,antonym
list-2,L2-G11,Reactionary,18,antonym
list-2,L2-G12,Incite,1,normal
list-2,L2-G12,Incendiary,2,normal
list-2,L2-G12,Instigate,3,normal
list-2,L2-G12,Provoke,4,normal
list-2,L2-G12,Sedition,5,normal
list-2,L2-G13,Captious,1,normal
list-2,L2-G13,Querulous,2,normal
list-2,L2-G14,Jeopardy,1,normal
list-2,L2-G14,Pitfall,2,normal
list-2,L2-G14,Precarious,3,normal
list-2,L2-G14,Snare,4,normal
list-2,L2-G15,Malevolence,1,normal
list-2,L2-G15,Malice,2,normal
list-2,L2-G15,Vicious,3,normal
list-2,L2-G15,Virulent,4,normal
list-2,L2-G16,Beset,1,normal
list-2,L2-G16,Beleaguered,2,normal
list-2,L2-G16,Plagued,3,normal
list-2,L2-G17,Banter,1,normal
list-2,L2-G17,Belittle,2,normal
list-2,L2-G17,Condescend,3,normal
list-2,L2-G17,Contempt,4,normal
list-2,L2-G17,Denigrate,5,normal
list-2,L2-G17,Deride,6,normal
list-2,L2-G17,Disdain,7,normal
list-2,L2-G17,Disparage,8,normal
list-2,L2-G17,Raillery,9,normal
list-2,L2-G17,Sarcastic,10,normal
list-2,L2-G17,Scorn,11,normal
list-2,L2-G17,Spurn,12,normal
list-2,L2-G17,Taunt,13,normal
list-2,L2-G18,Acclaim,1,normal
list-2,L2-G18,Accolade,2,normal
list-2,L2-G18,Applaud,3,normal
list-2,L2-G18,Approbation,4,normal
list-2,L2-G18,Commendable,5,normal
list-2,L2-G18,Encomiastic,6,normal
list-2,L2-G18,Exalt,7,normal
list-2,L2-G18,Extol,8,normal
list-2,L2-G18,Glorify,9,normal
list-2,L2-G18,Hail,10,normal
list-2,L2-G18,Laud,11,normal
list-2,L2-G18,Lionize,12,normal
list-2,L2-G19,Accentuate,1,normal
list-2,L2-G19,Foreground,2,normal
list-2,L2-G19,Underscore,3,normal
list-2,L2-G20,Analogy,1,normal
list-2,L2-G20,Antithetical,2,antonym
list-2,L2-G21,Coalesce,1,normal
list-2,L2-G21,Rally,2,normal
list-3,L3-G1,Commensurate,1,normal
list-3,L3-G1,Parity,2,normal
list-3,L3-G1,Peers,3,normal
list-3,L3-G1,Tantamount,4,normal
list-3,L3-G1,Disparate,5,antonym
list-3,L3-G2,Accord,1,normal
list-3,L3-G2,Concord,2,normal
list-3,L3-G2,Conformity,3,normal
list-3,L3-G2,Congruous,4,normal
list-3,L3-G2,Consensus,5,normal
list-3,L3-G2,Consonance,6,normal
list-3,L3-G2,Unanimity,7,normal
list-3,L3-G2,Understanding,8,normal
list-3,L3-G2,Discord,9,antonym
list-3,L3-G2,Discrepancy,10,antonym
list-3,L3-G2,Dissonance,11,antonym
list-3,L3-G2,Faction,12,antonym
list-3,L3-G2,Incompatible,13,antonym
list-3,L3-G2,Irreconcilable,14,antonym
list-3,L3-G2,Veto,15,antonym
list-3,L3-G3,Chasm,1,normal
list-3,L3-G3,Dichotomy,2,normal
list-3,L3-G3,Gulf,3,normal
list-3,L3-G3,Rift,4,normal
list-3,L3-G3,Schism,5,normal
list-3,L3-G4,Bellicose,1,normal
list-3,L3-G4,Belligerent,2,normal
list-3,L3-G4,Contentious,3,normal
list-3,L3-G4,Disputatious,4,normal
list-3,L3-G4,Fractious,5,normal
list-3,L3-G4,Hostility,6,normal
list-3,L3-G4,Litigious,7,normal
list-3,L3-G4,Polemical,8,normal
list-3,L3-G4,Pugnacious,9,normal
list-3,L3-G4,Truculent,10,normal
list-3,L3-G5,Altercation,1,normal
list-3,L3-G5,Contend,2,normal
list-3,L3-G5,Row,3,normal
list-3,L3-G5,Scuffle,4,normal
list-3,L3-G5,Tiff,5,normal
list-3,L3-G5,Truce,6,antonym
list-3,L3-G6,Astound,1,normal
list-3,L3-G6,Baffle,2,normal
list-3,L3-G6,Bemuse,3,normal
list-3,L3-G6,Bewilder,4,normal
list-3,L3-G6,Confound,5,normal
list-3,L3-G6,Nonplussed,6,normal
list-3,L3-G6,Obfuscate,7,normal
list-3,L3-G6,Perplex,8,normal
list-3,L3-G6,Stupefy,9,normal
list-3,L3-G7,Apathetic,1,normal
list-3,L3-G7,Aplomb,2,normal
list-3,L3-G7,Composure,3,normal
list-3,L3-G7,Equanimity,4,normal
list-3,L3-G7,Impassive,5,normal
list-3,L3-G7,Imperturbable,6,normal
list-3,L3-G7,Nonchalant,7,normal
list-3,L3-G7,Phlegmatic,8,normal
list-3,L3-G7,Placid,9,normal
list-3,L3-G7,Serene,10,normal
list-3,L3-G7,Staid,11,normal
list-3,L3-G7,Stoic,12,normal
list-3,L3-G7,Tranquil,13,normal
list-3,L3-G8,Disconcert,1,normal
list-3,L3-G8,Dismay,2,normal
list-3,L3-G8,Disquiet,3,normal
list-3,L3-G8,Distraught,4,normal
list-3,L3-G8,Faze,5,normal
list-3,L3-G8,Fluster,6,normal
list-3,L3-G8,Frenetic,7,normal
list-3,L3-G8,Hysterical,8,normal
list-3,L3-G8,Implacable,9,normal
list-3,L3-G8,Perturb,10,normal
list-3,L3-G9,Alienate,1,normal
list-3,L3-G9,Antagonize,2,normal
list-3,L3-G9,Estrange,3,normal
list-3,L3-G10,Comprehensive,1,normal
list-3,L3-G10,Encompass,2,normal
list-3,L3-G10,Expansive,3,normal
list-3,L3-G10,Exhaustive,4,normal
list-3,L3-G10,Inclusive,5,normal
list-3,L3-G10,Pervasive,6,normal
list-3,L3-G11,Omnipresent,1,normal
list-3,L3-G11,Ubiquitous,2,normal
list-3,L3-G12,Insular,1,normal
list-3,L3-G12,Myopic,2,normal
list-3,L3-G12,Parochial,3,normal
list-3,L3-G12,Provincial,4,normal
list-3,L3-G13,Bigot,1,normal
list-3,L3-G13,Discriminatory,2,normal
list-3,L3-G13,Partisan,3,normal
list-3,L3-G13,Prejudiced,4,normal
list-3,L3-G13,Tendentious,5,normal
list-3,L3-G13,Subjectivity,6,normal
list-3,L3-G14,Detached,1,normal
list-3,L3-G14,Detachment,1,variant
list-3,L3-G14,Disinterested,2,normal
list-3,L3-G14,Dispassionate,3,normal
list-3,L3-G14,Egalitarian,4,normal
list-3,L3-G14,Equitable,5,normal
list-3,L3-G14,Evenhanded,6,normal
list-3,L3-G14,Objectivity,7,normal
list-3,L3-G15,Blithe,1,normal
list-3,L3-G15,Flippant,2,normal
list-3,L3-G15,Frivolous,3,normal
list-3,L3-G15,Frivolity,3,variant
list-3,L3-G15,Levity,4,normal
list-3,L3-G15,Grave,5,antonym
list-3,L3-G15,Gravity,5,antonym
list-3,L3-G16,Antidote,1,normal
list-3,L3-G16,Panacea,2,normal
list-3,L3-G17,Quash,1,normal
list-3,L3-G17,Quell,2,normal
list-3,L3-G17,Repress,3,normal
list-3,L3-G17,Scotch,4,normal
list-3,L3-G17,Subdue,5,normal
list-3,L3-G18,Absolute,1,normal
list-3,L3-G18,Authoritative,2,normal
list-3,L3-G18,Autocrat,3,normal
list-3,L3-G18,Despot,4,normal
list-3,L3-G18,Dictate,5,normal
list-3,L3-G18,Doctrinaire,6,normal
list-3,L3-G18,Dogmatic,7,normal
list-3,L3-G18,Imperious,8,normal
list-3,L3-G18,Totalitarian,9,normal
list-3,L3-G18,Tyrant,10,normal
list-3,L3-G19,Homogenity,1,normal
list-3,L3-G19,Uniformity,2,normal
list-3,L3-G19,Heterogeneity,3,antonym
list-3,L3-G20,Conscientious,1,normal
list-3,L3-G20,Demanding,2,normal
list-3,L3-G20,Exacting,3,normal
list-3,L3-G20,Fastidious,4,normal
list-3,L3-G20,Meticulous,5,normal
list-3,L3-G20,Punctilious,6,normal
list-3,L3-G20,Scrupulous,7,normal
list-3,L3-G21,Nice,1,normal
list-3,L3-G21,Stickler,2,normal
list-3,L3-G22,Cursory,1,normal
list-3,L3-G22,Perfunctory,2,normal
list-3,L3-G22,Summarily,3,normal
list-4,L4-G1,Ephemeral,1,normal
list-4,L4-G1,Evanescent,2,normal
list-4,L4-G1,Fleeting,3,normal
list-4,L4-G1,Transient,4,normal
list-4,L4-G1,Transitory,5,normal
list-4,L4-G2,Chronic,1,normal
list-4,L4-G2,Incessant,2,normal
list-4,L4-G2,Inexorable,3,normal
list-4,L4-G2,Interminable,4,normal
list-4,L4-G2,Perennial,5,normal
list-4,L4-G2,Relentless,6,normal
list-4,L4-G3,Culminate,1,normal
list-4,L4-G3,Cease,2,normal
list-4,L4-G3,Cessation,3,normal
list-4,L4-G3,Discontinue,4,normal
list-4,L4-G3,Discontinuity,4,variant
list-4,L4-G3,Terminate,5,normal
list-4,L4-G3,Onset,6,antonym
list-4,L4-G4,Fitfully,1,normal
list-4,L4-G4,Intermittent,2,normal
list-4,L4-G4,Occasional,3,normal
list-4,L4-G4,Sporadic,4,normal
list-4,L4-G5,Allay,1,normal
list-4,L4-G5,Alleviate,2,normal
list-4,L4-G5,Ameliorate,3,normal
list-4,L4-G5,Appease,4,normal
list-4,L4-G5,Assuage,5,normal
list-4,L4-G5,Conciliate,6,normal
list-4,L4-G5,Extenuating,7,normal
list-4,L4-G5,Mitigate,8,normal
list-4,L4-G5,Mollify,9,normal
list-4,L4-G5,Pacify,10,normal
list-4,L4-G5,Placate,11,normal
list-4,L4-G5,Propitiate,12,normal
list-4,L4-G5,Solace,13,normal
list-4,L4-G5,Temper,14,normal
list-4,L4-G5,Exacerbate,15,antonym
list-4,L4-G6,Jaded,1,normal
list-4,L4-G6,Lackadaisical,2,normal
list-4,L4-G6,Lackluster,3,normal
list-4,L4-G6,Languid,4,normal
list-4,L4-G6,Lassitude,5,normal
list-4,L4-G6,Lethargic,6,normal
list-4,L4-G6,Listless,7,normal
list-4,L4-G7,Assiduous,1,normal
list-4,L4-G7,Diligent,2,normal
list-4,L4-G7,Industrious,3,normal
list-4,L4-G7,Painstaking,4,normal
list-4,L4-G7,Toil,5,normal
list-4,L4-G8,Beam,1,normal
list-4,L4-G8,Ecstasy,2,normal
list-4,L4-G8,Elated,3,normal
list-4,L4-G8,Euphoria,4,normal
list-4,L4-G8,Exhilaration,5,normal
list-4,L4-G8,Exultant,6,normal
list-4,L4-G8,Gaiety,7,normal
list-4,L4-G8,Jovial,8,normal
list-4,L4-G8,Regale,9,normal
list-4,L4-G8,Uproarious,10,normal
list-4,L4-G9,Anguish,1,normal
list-4,L4-G9,Bereaved,2,normal
list-4,L4-G9,Bleak,3,normal
list-4,L4-G9,Crestfallen,4,normal
list-4,L4-G9,Dejected,5,normal
list-4,L4-G9,Desolate,6,normal
list-4,L4-G9,Despair,7,normal
list-4,L4-G9,Despondent,8,normal
list-4,L4-G9,Lament,9,normal
list-4,L4-G9,Melancholy,10,normal
list-4,L4-G9,Pathos,11,normal
list-4,L4-G9,Poignant,12,normal
list-4,L4-G9,Woe,13,normal
list-4,L4-G10,Expendable,1,normal
list-4,L4-G10,Fringe,2,normal
list-4,L4-G10,Incidental,3,normal
list-4,L4-G10,Inconsequential,4,normal
list-4,L4-G10,Marginalization,5,normal
list-4,L4-G10,Peripheral,6,normal
list-4,L4-G11,Core,1,normal
list-4,L4-G11,Foremost,2,normal
list-4,L4-G11,Imperative,3,normal
list-4,L4-G11,Indispensible,4,normal
list-4,L4-G11,Mandatory,5,normal
list-4,L4-G11,Momentous,6,normal
list-4,L4-G11,Pivotal,7,normal
list-4,L4-G11,Salient,8,normal
list-4,L4-G11,Precedence,9,normal
list-4,L4-G12,Ardor,1,normal
list-4,L4-G12,Ardent,1,variant
list-4,L4-G12,Avid,2,normal
list-4,L4-G12,Dynamic,3,normal
list-4,L4-G12,Ebullient,4,normal
list-4,L4-G12,Effervescent,5,normal
list-4,L4-G12,Exuberant,6,normal
list-4,L4-G12,Fervent,7,normal
list-4,L4-G12,Fervor,7,variant
list-4,L4-G12,Impassioned,8,normal
list-4,L4-G12,Vivacious,9,normal
list-4,L4-G12,Zealous,10,normal
list-4,L4-G12,Zest,10,variant
list-4,L4-G12,Dampen,11,antonym
list-4,L4-G12,Tepid,12,antonym
list-4,L4-G13,Aberration,1,normal
list-4,L4-G13,Anomaly,2,normal
list-4,L4-G13,Deviate,3,normal
list-4,L4-G14,Banal,1,normal
list-4,L4-G14,Bromide,2,normal
list-4,L4-G14,Clich,3,normal
list-4,L4-G14,Commonplace,4,normal
list-4,L4-G14,Derivative,5,normal
list-4,L4-G14,Hackney,6,normal
list-4,L4-G14,Humdrum,7,normal
list-4,L4-G14,Mundane,8,normal
list-4,L4-G14,Pedestrian,9,normal
list-4,L4-G14,Platitude,10,normal
list-4,L4-G14,Prosaic,11,normal
list-4,L4-G14,Quotidian,12,normal
list-4,L4-G14,Trite,13,normal
list-4,L4-G14,Unremarkable,14,normal
list-4,L4-G15,Bland,1,normal
list-4,L4-G15,Drab,2,normal
list-4,L4-G15,Insipid,3,normal
list-4,L4-G15,Vapid,4,normal
list-4,L4-G16,Monotonous,1,normal
list-4,L4-G16,Plod,2,normal
list-4,L4-G16,Tedious,3,normal
list-4,L4-G17,Abstract,1,normal
list-4,L4-G17,Abstruse,2,normal
list-4,L4-G17,Arcane,3,normal
list-4,L4-G17,Esoteric,4,normal
list-4,L4-G17,Mystical,5,normal
list-4,L4-G17,Obscure,6,normal
list-4,L4-G17,Opaque,7,normal
list-4,L4-G17,Profound,8,normal
list-4,L4-G17,Recondite,9,normal
list-4,L4-G17,Perspicuous,10,antonym
list-4,L4-G18,Invigorating,1,normal
list-4,L4-G18,Revitalizing,2,normal
list-4,L4-G19,Dormant,1,normal
list-4,L4-G19,Stagnant,2,normal
list-5,L5-G1,Fortuitous,1,normal
list-5,L5-G1,Opportune,2,normal
list-5,L5-G1,Propitious,3,normal
list-5,L5-G1,Serendipity,4,normal
list-5,L5-G1,Hapless,5,antonym
list-5,L5-G2,Adversity,1,normal
list-5,L5-G2,Afflictions,2,normal
list-5,L5-G2,Mishap,3,normal
list-5,L5-G2,Ordeals,4,normal
list-5,L5-G2,Trials,5,normal
list-5,L5-G2,Tribulation,6,normal
list-5,L5-G3,Evocative,1,normal
list-5,L5-G3,Hindsight,2,normal
list-5,L5-G3,Nostalgia,3,normal
list-5,L5-G3,Reminiscence,4,normal
list-5,L5-G3,Retrospect,5,normal
list-5,L5-G3,Wistful,6,normal
list-5,L5-G4,Fanatic,1,normal
list-5,L5-G4,Idealogue,2,normal
list-5,L5-G4,Zealot,3,normal
list-5,L5-G5,Exiguous,1,normal
list-5,L5-G5,Meager,2,normal
list-5,L5-G5,Puny,3,normal
list-5,L5-G5,Scanty,4,normal
list-5,L5-G5,Scarce,5,normal
list-5,L5-G5,Sparse,6,normal
list-5,L5-G6,Accretion,1,normal
list-5,L5-G6,Aggrandize,2,normal
list-5,L5-G6,Augment,3,normal
list-5,L5-G6,Balloon,4,normal
list-5,L5-G6,Burgeon,5,normal
list-5,L5-G6,Dilate,6,normal
list-5,L5-G6,Enhance,7,normal
list-5,L5-G6,Magnify,8,normal
list-5,L5-G6,Mounting,9,normal
list-5,L5-G6,Proliferate,10,normal
list-5,L5-G6,Wax,11,normal
list-5,L5-G7,Constrict,1,normal
list-5,L5-G7,Contract,2,normal
list-5,L5-G7,Curtail,3,normal
list-5,L5-G7,Dwindle,4,normal
list-5,L5-G7,Flag,5,normal
list-5,L5-G7,Retrench,6,normal
list-5,L5-G7,Wane,7,normal
list-5,L5-G8,Amalgamate,1,normal
list-5,L5-G8,Coalition,2,normal
list-5,L5-G8,Integrate,3,normal
list-5,L5-G8,Meld,4,normal
list-5,L5-G8,Pairing,5,normal
list-5,L5-G8,Synthesis,6,normal
list-5,L5-G9,Closefisted,1,normal
list-5,L5-G9,Miserly,2,normal
list-5,L5-G9,Parsimonious,3,normal
list-5,L5-G9,Stingy,4,normal
list-5,L5-G9,Tightfisted,5,normal
list-5,L5-G10,Abate,1,normal
list-5,L5-G10,Ebb,2,normal
list-5,L5-G10,Recede,3,normal
list-5,L5-G10,Subside,4,normal
list-5,L5-G11,Germane,1,normal
list-5,L5-G11,Pertinent,2,normal
list-5,L5-G12,Abound,1,normal
list-5,L5-G12,Copious,2,normal
list-5,L5-G12,Inundate,3,normal
list-5,L5-G12,Myriad,4,normal
list-5,L5-G12,Plethora,5,normal
list-5,L5-G12,Profuse,6,normal
list-5,L5-G12,Prolific,7,normal
list-5,L5-G12,Steeped,8,normal
list-5,L5-G12,Surfeit,9,normal
list-5,L5-G12,Surge,10,normal
list-5,L5-G13,Ambivalent,1,normal
list-5,L5-G13,Ambiguous,2,normal
list-5,L5-G13,Equivocal,3,normal
list-5,L5-G14,Belabor,1,normal
list-5,L5-G14,Under,2,antonym
list-5,L5-G15,Impervious,1,normal
list-5,L5-G15,Indomitable,2,normal
list-5,L5-G15,Invincible,3,normal
list-5,L5-G16,Dearth,1,normal
list-5,L5-G16,Deficit,2,normal
list-5,L5-G16,Deprived,3,normal
list-5,L5-G16,Devoid,4,normal
list-5,L5-G16,Paucity,5,normal
list-5,L5-G16,Wanting,6,normal
list-5,L5-G17,Affluent,1,normal
list-5,L5-G17,Opulent,2,normal
list-5,L5-G18,Impecunious,1,normal
list-5,L5-G18,Impoverish,2,normal
list-5,L5-G18,Indigent,3,normal
list-5,L5-G19,Exorbitant,1,normal
list-5,L5-G19,Prohibitive,2,normal
list-5,L5-G20,Extravagance,1,normal
list-5,L5-G20,Prodigal,2,normal
list-5,L5-G20,Profligate,3,normal
list-5,L5-G20,Spendthrift,4,normal
list-5,L5-G20,Squander,5,normal
list-5,L5-G21,Absolute,1,normal
list-5,L5-G21,Categorical,2,normal
list-5,L5-G21,Certitude,3,normal
list-5,L5-G21,Conviction,4,normal
list-5,L5-G21,Emphatic,5,normal
list-5,L5-G21,Incontrovertible,6,normal
list-5,L5-G21,Unqualified,7,normal
list-5,L5-G21,Contingent,8,antonym
list-5,L5-G21,Inconclusive,9,antonym
list-5,L5-G21,Provisional,10,antonym
list-5,L5-G21,Qualified,11,antonym
list-5,L5-G21,Tentative,12,antonym
list-5,L5-G22,Restive,1,normal
list-5,L5-G22,Skittish,2,normal
list-5,L5-G23,Affiliated,1,normal
list-5,L5-G23,Kindred,2,normal
list-5,L5-G24,Parting,1,normal
list-5,L5-G24,Valedictory,2,normal
list-5,L5-G24,Migrate,3,normal
list-5,L5-G25,Outstrip,1,normal
list-5,L5-G25,Surpass,2,normal
list-5,L5-G25,Transcend,3,normal
list-5,L5-G26,Ambitious,1,normal
list-5,L5-G26,Ambition,1,variant
list-5,L5-G26,Aspiration,2,normal
list-5,L5-G26,Opportunism,3,normal
list-6,L6-G1,Avarice,1,normal
list-6,L6-G1,Covetous,2,normal
list-6,L6-G1,Gluttony,3,normal
list-6,L6-G1,Voracious,4,normal
list-6,L6-G2,Cacophony,1,normal
list-6,L6-G2,Clamor,2,normal
list-6,L6-G2,Clangor,3,normal
list-6,L6-G2,Discordant,4,normal
list-6,L6-G2,Raucous,5,normal
list-6,L6-G2,Strident,6,normal
list-6,L6-G2,Vociferous,7,normal
list-6,L6-G3,Euphony,1,normal
list-6,L6-G3,Melodious,2,normal
list-6,L6-G3,Mellifluous,3,normal
list-6,L6-G4,Advocate,1,normal
list-6,L6-G4,Ally,2,normal
list-6,L6-G4,Champion,3,normal
list-6,L6-G4,Endorse,4,normal
list-6,L6-G4,Espouse,5,normal
list-6,L6-G4,Lobbyist,6,normal
list-6,L6-G4,Proponent,7,normal
list-6,L6-G4,Protagonist,8,normal
list-6,L6-G4,Adversary,9,antonym
list-6,L6-G4,Antagonist,10,antonym
list-6,L6-G4,Detractor,11,antonym
list-6,L6-G4,Foe,12,antonym
list-6,L6-G4,Impugn,13,antonym
list-6,L6-G4,Inimical,14,antonym
list-6,L6-G4,Nemesis,15,antonym
list-6,L6-G4,Opponent,16,antonym
list-6,L6-G5,Calculated,1,normal
list-6,L6-G5,Deliberate,2,normal
list-6,L6-G5,Forethought,3,normal
list-6,L6-G5,Intentional,4,normal
list-6,L6-G5,Premeditated,5,normal
list-6,L6-G5,Studied,6,normal
list-6,L6-G5,Ad-Hoc,7,antonym
list-6,L6-G5,Extemporaneous,8,antonym
list-6,L6-G5,Impetuous,9,antonym
list-6,L6-G5,Impromptu,10,antonym
list-6,L6-G5,Improvise,11,antonym
list-6,L6-G5,Offhand,12,antonym
list-6,L6-G6,Extraneous,1,normal
list-6,L6-G6,Redundant,2,normal
list-6,L6-G6,Superfluous,3,normal
list-6,L6-G7,Endure,1,normal
list-6,L6-G7,Immutable,2,normal
list-6,L6-G7,Indefatigable,3,normal
list-6,L6-G7,Persevere,4,normal
list-6,L6-G7,Persistence,5,normal
list-6,L6-G7,Steadfast,6,normal
list-6,L6-G7,Tenacious,7,normal
list-6,L6-G8,Arbitrary,1,normal
list-6,L6-G8,Capricious,2,normal
list-6,L6-G8,Erratic,3,normal
list-6,L6-G8,Inconsistent,4,normal
list-6,L6-G8,Irresolute,5,normal
list-6,L6-G8,Mercurial,6,normal
list-6,L6-G8,Oscillate,7,normal
list-6,L6-G8,Sway,8,normal
list-6,L6-G8,Temperamental,9,normal
list-6,L6-G8,Volatile,10,normal
list-6,L6-G8,Waver,11,normal
list-6,L6-G8,Whimsical,12,normal
list-6,L6-G9,Defy,1,normal
list-6,L6-G9,Demur,2,normal
list-6,L6-G9,Dissent,3,normal
list-6,L6-G9,Take,4,normal
list-6,L6-G10,Concoct,1,normal
list-6,L6-G10,Devise,2,normal
list-6,L6-G10,Formulate,3,normal
list-6,L6-G11,Accede,1,normal
list-6,L6-G11,Acquiesce,2,normal
list-6,L6-G11,Amenable,3,normal
list-6,L6-G11,Assent,4,normal
list-6,L6-G11,Compliant,5,normal
list-6,L6-G11,Comply,6,normal
list-6,L6-G11,Concede,7,normal
list-6,L6-G11,Pliant,8,normal
list-6,L6-G11,Relent,9,normal
list-6,L6-G11,Succumb,10,normal
list-6,L6-G11,Yield,11,normal
list-6,L6-G11,Docile,12,note
list-6,L6-G11,Malleable,13,note
list-6,L6-G11,Plastic,14,note
list-6,L6-G12,Belie,1,normal
list-6,L6-G12,Debunk,2,normal
list-6,L6-G12,Discredit,3,normal
list-6,L6-G12,Expostulate,4,normal
list-6,L6-G12,Rebut,5,normal
list-6,L6-G12,Refute,6,normal
list-6,L6-G12,Irrefutable,7,antonym
list-6,L6-G13,Ascertain,1,normal
list-6,L6-G13,Affirm,2,normal
list-6,L6-G13,Corroborate,3,normal
list-6,L6-G13,Ratify,4,normal
list-6,L6-G13,Substantiate,5,normal
list-6,L6-G13,Testify,6,normal
list-6,L6-G13,Testimony,6,variant
list-6,L6-G13,Validate,7,normal
list-6,L6-G13,Unfounded,8,antonym
list-6,L6-G14,Adamant,1,normal
list-6,L6-G14,Defiant,2,normal
list-6,L6-G14,Incorrigible,3,normal
list-6,L6-G14,Intractable,4,normal
list-6,L6-G14,Intransigent,5,normal
list-6,L6-G14,Obdurate,6,normal
list-6,L6-G14,Obstinate,7,normal
list-6,L6-G14,Perverse,8,normal
list-6,L6-G14,Recalcitrant,9,normal
list-6,L6-G14,Refractory,10,normal
list-6,L6-G15,Breach,1,normal
list-6,L6-G15,Flout,2,normal
list-6,L6-G15,Infraction,3,normal
list-6,L6-G15,Transgress,4,normal
list-6,L6-G15,Abide,5,antonym
list-6,L6-G15,Adhere,6,antonym
list-6,L6-G16,Eminent,1,normal
list-6,L6-G16,Luminary,2,normal
list-6,L6-G16,Pre-Eminent,3,normal
list-6,L6-G16,Preeminence,3,variant
list-6,L6-G16,Stature,4,normal
list-6,L6-G17,Remunerative,1,normal
list-6,L6-G17,Lucrative,2,normal
list-6,L6-G18,Raiment,1,normal
list-6,L6-G18,Sartorial,2,normal
list-6,L6-G19,Acute,1,normal
list-6,L6-G19,Austere,2,normal
list-6,L6-G20,Bucolic,1,normal
list-6,L6-G20,Pastoral,2,normal
list-6,L6-G20,Rustic,3,normal
list-6,L6-G21,Accomplishment,1,normal
list-6,L6-G21,Triumph,2,normal
list-6,L6-G22,Vicarious,1,normal
list-7,L7-G1,Treachery,1,normal
list-7,L7-G1,Treason,2,normal
list-7,L7-G1,Fidelity,3,antonym
list-7,L7-G2,Inception,1,normal
list-7,L7-G2,Inchoate,2,normal
list-7,L7-G2,Incipient,3,normal
list-7,L7-G2,Infancy,4,normal
list-7,L7-G2,Nascent,5,normal
list-7,L7-G2,Rudimentary,6,normal
list-7,L7-G3,Seasoned,1,normal
list-7,L7-G3,Veteran,2,normal
list-7,L7-G4,Connoisseur,1,normal
list-7,L7-G4,Virtuoso,2,normal
list-7,L7-G4,Layperson,3,antonym
list-7,L7-G5,Crux,1,normal
list-7,L7-G5,Gist,2,normal
list-7,L7-G5,Purport,3,normal
list-7,L7-G5,Synopsis,4,normal
list-7,L7-G6,Contrite,1,normal
list-7,L7-G6,Penitent,2,normal
list-7,L7-G6,Remorse,3,normal
list-7,L7-G6,Rueful,4,normal
list-7,L7-G7,Abeyance,1,normal
list-7,L7-G7,Hiatus,2,normal
list-7,L7-G7,Lull,3,normal
list-7,L7-G7,Respite,4,normal
list-7,L7-G8,Atrophy,1,normal
list-7,L7-G8,Attenuate,2,normal
list-7,L7-G8,Attrition,3,normal
list-7,L7-G8,Debilitate,4,normal
list-7,L7-G8,Degenerate,5,normal
list-7,L7-G8,Degradation,6,normal
list-7,L7-G8,Deteriorate,7,normal
list-7,L7-G8,Enervate,8,normal
list-7,L7-G8,Enfeeble,9,normal
list-7,L7-G8,Erode,10,normal
list-7,L7-G8,Flagging,11,normal
list-7,L7-G8,Retrograde,12,normal
list-7,L7-G8,Subvert,13,normal
list-7,L7-G8,Undercut,14,normal
list-7,L7-G8,Undermine,15,normal
list-7,L7-G8,Wither,16,normal
list-7,L7-G9,Regenerate,1,normal
list-7,L7-G9,Rejuvenate,2,normal
list-7,L7-G9,Renaissance,3,normal
list-7,L7-G9,Resurrect,4,normal
list-7,L7-G9,Revive,5,normal
list-7,L7-G10,Quixotic,1,normal
list-7,L7-G10,Utopian,2,normal
list-7,L7-G11,Eccentric,1,normal
list-7,L7-G11,Idiosyncrasy,2,normal
list-7,L7-G11,Quirkiness,3,normal
list-7,L7-G12,Arduous,1,normal
list-7,L7-G12,Cumbersome,2,normal
list-7,L7-G12,Demanding,3,normal
list-7,L7-G12,Exacting,4,normal
list-7,L7-G12,Laborious,5,normal
list-7,L7-G12,Onerous,6,normal
list-7,L7-G12,Facile,7,antonym
list-7,L7-G13,Amend,1,normal
list-7,L7-G13,Counterbalance,2,normal
list-7,L7-G13,Compensate,3,normal
list-7,L7-G13,Expiate,4,normal
list-7,L7-G13,Indemnify,5,normal
list-7,L7-G13,Redemption,6,normal
list-7,L7-G13,Redress,7,normal
list-7,L7-G13,Reparation,8,normal
list-7,L7-G13,Restitution,9,normal
list-7,L7-G14,Clarity,1,normal
list-7,L7-G14,Elucidate,2,normal
list-7,L7-G14,Expound,3,normal
list-7,L7-G14,Lucid,4,normal
list-7,L7-G14,Pellucid,5,normal
list-7,L7-G15,Becloud,1,normal
list-7,L7-G15,Indistinct,2,normal
list-7,L7-G15,Murky,3,normal
list-7,L7-G15,Nebulous,4,normal
list-7,L7-G15,Obscure,5,normal
list-7,L7-G16,Dilemma,1,normal
list-7,L7-G16,Predicament,2,normal
list-7,L7-G16,Quandary,3,normal
list-7,L7-G17,Antecedent,1,normal
list-7,L7-G17,Antedate,2,normal
list-7,L7-G17,Forerunner,3,normal
list-7,L7-G17,Harbinger,4,normal
list-7,L7-G17,Precedent,5,normal
list-7,L7-G17,Precursor,6,normal
list-7,L7-G18,Decadent,1,normal
list-7,L7-G18,Degenerate,2,normal
list-7,L7-G18,Depravity,3,normal
list-7,L7-G18,Dissolute,4,normal
list-7,L7-G18,Improbity,5,normal
list-7,L7-G18,Wayward,6,normal
list-7,L7-G18,Conscience,7,antonym
list-7,L7-G18,Integrity,8,antonym
list-7,L7-G18,Irreproachable,9,antonym
list-7,L7-G18,Probity,10,antonym
list-7,L7-G18,Rectitude,11,antonym
list-7,L7-G18,Unimpeachable,12,antonym
list-7,L7-G19,Flawless,1,normal
list-7,L7-G19,Immaculate,2,normal
list-7,L7-G19,Impeccable,3,normal
list-7,L7-G19,Infallible,4,normal
list-7,L7-G19,Flawed,5,antonym
list-7,L7-G19,Foible,6,antonym
list-7,L7-G20,Bridle,1,normal
list-7,L7-G20,Circumscribe,2,normal
list-7,L7-G20,Constraint,3,normal
list-7,L7-G20,Fetter,4,normal
list-7,L7-G20,Manacle,5,normal
list-7,L7-G20,Rein,6,normal
list-7,L7-G20,Secure,7,normal
list-7,L7-G20,Shackle,8,normal
list-7,L7-G20,Emancipate,9,antonym
list-7,L7-G20,Extricate,10,antonym
list-7,L7-G21,Autonomy,1,normal
list-7,L7-G21,Latitude,2,normal
list-7,L7-G21,Sovereign,3,normal
list-7,L7-G22,Bane,1,normal
list-7,L7-G22,Blight,2,normal
list-7,L7-G22,Deleterious,3,normal
list-7,L7-G22,Detrimental,4,normal
list-7,L7-G22,Insidious,5,normal
list-7,L7-G22,Malignant,6,normal
list-7,L7-G22,Pernicious,7,normal
list-7,L7-G22,Benign,8,antonym
list-7,L7-G22,Innocuous,9,antonym
list-7,L7-G22,Boon,10,antonym
list-7,L7-G23,Delineate,1,normal
list-7,L7-G23,Delimit,2,normal
list-7,L7-G23,Depict,3,normal
list-7,L7-G23,Outline,4,normal
list-7,L7-G24,Supplant,1,normal
list-7,L7-G24,Supersede,2,normal
list-8,L8-G1,Pandemonium,1,normal
list-8,L8-G1,Tumultuous,2,normal
list-8,L8-G1,Turbulence,3,normal
list-8,L8-G1,Turmoil,4,normal
list-8,L8-G1,Upheaval,5,normal
list-8,L8-G2,Menace,1,normal
list-8,L8-G2,Miscreant,2,normal
list-8,L8-G3,Artful,1,normal
list-8,L8-G3,Artifice,2,normal
list-8,L8-G3,Crafty,3,normal
list-8,L8-G3,Duplicity,4,normal
list-8,L8-G3,Dupe,5,normal
list-8,L8-G3,Guile,6,normal
list-8,L8-G3,Mislead,7,normal
list-8,L8-G3,Swindle,8,normal
list-8,L8-G4,Artless,1,normal
list-8,L8-G4,Credulous,2,normal
list-8,L8-G4,Dupe,3,normal
list-8,L8-G4,Guileless,4,normal
list-8,L8-G4,Gullible,5,normal
list-8,L8-G4,Ingenuous,6,normal
list-8,L8-G4,Na,7,normal
list-8,L8-G4,Cosmopolitian,8,antonym
list-8,L8-G4,Worldly-Wise,9,antonym
list-8,L8-G5,Recapitulate,1,normal
list-8,L8-G5,Reiterate,2,normal
list-8,L8-G6,Calamitous,1,normal
list-8,L8-G6,Catastrophe,2,normal
list-8,L8-G6,Debacle,3,normal
list-8,L8-G6,Coup,4,antonym
list-8,L8-G7,Apprehensive,1,normal
list-8,L8-G7,Cynical,2,normal
list-8,L8-G7,Dubious,3,normal
list-8,L8-G7,Questionable,4,normal
list-8,L8-G7,Skeptical,5,normal
list-8,L8-G8,Credence,1,normal
list-8,L8-G8,Credible,2,normal
list-8,L8-G8,Verisimilar,3,normal
list-8,L8-G9,Indecorous,1,normal
list-8,L8-G9,Flagrant,2,normal
list-8,L8-G9,Malfeasance,3,normal
list-8,L8-G9,Unbecoming,4,normal
list-8,L8-G9,Unseemly,5,normal
list-8,L8-G9,Demure,6,antonym
list-8,L8-G10,Burnished,1,normal
list-8,L8-G10,Effulgent,2,normal
list-8,L8-G10,Luminous,3,normal
list-8,L8-G10,Lustrous,4,normal
list-8,L8-G10,Scintillating,5,normal
list-8,L8-G11,Moderate,1,normal
list-8,L8-G11,Refrain,2,normal
list-8,L8-G11,Temperate,3,normal
list-8,L8-G11,Indulge,4,antonym
list-8,L8-G12,Conceivable,1,normal
list-8,L8-G12,Feasible,2,normal
list-8,L8-G12,Plausible,3,normal
list-8,L8-G12,Pragmatic,4,normal
list-8,L8-G12,Probable,5,normal
list-8,L8-G12,Utilitarian,6,normal
list-8,L8-G12,Viable,7,normal
list-8,L8-G12,Improbable,8,antonym
list-8,L8-G13,Arrogant,1,normal
list-8,L8-G13,Braggart,2,normal
list-8,L8-G13,Cavalier,3,normal
list-8,L8-G13,Conceited,4,normal
list-8,L8-G13,Egotistical,5,normal
list-8,L8-G13,Elitist,6,normal
list-8,L8-G13,Haughty,7,normal
list-8,L8-G13,Narcissitic,8,normal
list-8,L8-G13,Pompous,9,normal
list-8,L8-G13,Vainglorious,10,normal
list-8,L8-G13,Unassuming,11,antonym
list-8,L8-G14,Audacious,1,normal
list-8,L8-G14,Brazen,2,normal
list-8,L8-G14,Impertinent,3,normal
list-8,L8-G14,Impudent,4,normal
list-8,L8-G14,Insolent,5,normal
list-8,L8-G14,Presumptuous,6,normal
list-8,L8-G15,Flamboyance,1,normal
list-8,L8-G15,Flaunt,2,normal
list-8,L8-G15,Grandiose,3,normal
list-8,L8-G15,Ostentatious,4,normal
list-8,L8-G15,Pretentious,5,normal
list-8,L8-G15,Panache,6,normal
list-8,L8-G15,Brandish,7,note
list-8,L8-G15,Unpretentious,8,antonym
list-8,L8-G16,Garrulous,1,normal
list-8,L8-G16,Long-Winded,2,normal
list-8,L8-G16,Loquacious,3,normal
list-8,L8-G16,Prolix,4,normal
list-8,L8-G16,Verbose,5,normal
list-8,L8-G16,Voluble,6,normal
list-8,L8-G17,Abridge,1,normal
list-8,L8-G17,Brevity,2,normal
list-8,L8-G17,Condense,3,normal
list-8,L8-G17,Pithy,4,normal
list-8,L8-G17,Reticent,5,normal
list-8,L8-G17,Succinct,6,normal
list-8,L8-G17,Taciturn,7,normal
list-8,L8-G17,Terse,8,normal
list-8,L8-G18,Hypocritical,1,normal
list-8,L8-G18,Prude,2,normal
list-8,L8-G19,Altruist,1,normal
list-8,L8-G19,Benefactor,2,normal
list-8,L8-G19,Beneficent,3,normal
list-8,L8-G19,Benevolent,4,normal
list-8,L8-G19,Benignant,5,normal
list-8,L8-G19,Humane,6,normal
list-8,L8-G19,Magnanimous,7,normal
list-8,L8-G19,Munificent,8,normal
list-8,L8-G19,Patron,9,normal
list-8,L8-G19,Philanthropist,10,normal
list-8,L8-G20,Delegate,1,normal
list-8,L8-G20,Devolve,2,normal
list-8,L8-G21,Brush,1,normal
list-8,L8-G21,Discount,2,normal
list-8,L8-G22,Misgivings,1,normal
list-8,L8-G22,Scruples,2,normal
list-8,L8-G23,Ensue,1,normal
list-8,L8-G23,Ramifications,2,normal
list-8,L8-G23,Repercussions,3,normal
list-8,L8-G24,Sublime,1,normal
list-8,L8-G24,Base,2,antonym
list-9,L9-G6,Lurid,1,normal
list-9,L9-G6,Obscene,2,normal
list-9,L9-G6,Sensational,3,normal
list-9,L9-G6,Vulgar,4,normal
list-9,L9-G7,Contemplate,1,normal
list-9,L9-G7,Deliberate,2,normal
list-9,L9-G7,Introspect,3,normal
list-9,L9-G7,Mull,4,normal
list-9,L9-G1,Emulate,1,normal
list-9,L9-G1,Simulate,2,normal
list-9,L9-G1,Mimic,3,note
list-9,L9-G2,Deference,1,normal
list-9,L9-G2,Exalt,2,normal
list-9,L9-G2,Revere,3,normal
list-9,L9-G2,Venerate,4,normal
list-9,L9-G3,Assert,1,normal
list-9,L9-G3,Avow,2,normal
list-9,L9-G3,Contend,3,normal
list-9,L9-G3,Proclaim,4,normal
list-9,L9-G4,Abdicate,1,normal
list-9,L9-G4,Cede,2,normal
list-9,L9-G4,Forgo,3,normal
list-9,L9-G4,Forsake,4,normal
list-9,L9-G4,Relinquish,5,normal
list-9,L9-G4,Renounce,6,normal
list-9,L9-G5,Pensive,5,normal
list-9,L9-G5,Ponder,6,normal
list-9,L9-G5,Reflect,7,normal
list-9,L9-G5,Ruminate,8,normal
list-9,L9-G8,Prone,1,normal
list-9,L9-G8,Subject,2,normal
list-9,L9-G8,Susceptible,3,normal
list-9,L9-G8,Vulnerable,4,normal
list-9,L9-G8,Immune,5,antonym
list-9,L9-G8,Impervious,6,antonym
list-9,L9-G9,Lax,1,normal
list-9,L9-G9,Negligent,2,normal
list-9,L9-G9,Remiss,3,normal
list-9,L9-G9,Stringent,4,antonym
list-9,L9-G10,Encroach,1,normal
list-9,L9-G10,Intrude,2,normal
list-9,L9-G10,Obtrude,3,normal
list-9,L9-G11,Affable,1,normal
list-9,L9-G11,Amiable,2,normal
list-9,L9-G11,Amicable,3,normal
list-9,L9-G11,Congenial,4,normal
list-9,L9-G11,Convivial,5,normal
list-9,L9-G11,Cordial,6,normal
list-9,L9-G11,Fraternize,7,normal
list-9,L9-G11,Aloof,8,antonym
list-9,L9-G12,Disgruntle,1,normal
list-9,L9-G12,Exasperate,2,normal
list-9,L9-G12,Harangue,3,normal
list-9,L9-G12,Irksome,4,normal
list-9,L9-G12,Peeve,5,normal
list-9,L9-G12,Vex,6,normal
list-9,L9-G13,Appropriate,1,normal
list-9,L9-G13,Expropriate,2,normal
list-9,L9-G13,Usurp,3,normal
list-9,L9-G13,Preempt,4,normal
list-9,L9-G13,Inalienable,5,antonym
list-9,L9-G14,Cantankerous,1,normal
list-9,L9-G14,Chagrin,2,normal
list-9,L9-G14,Irascible,3,normal
list-9,L9-G14,Testiness,4,normal
list-9,L9-G15,Peruse,1,normal
list-9,L9-G15,Pore,2,normal
list-9,L9-G15,Scrutinize,3,normal
list-9,L9-G15,Browse,4,contrast
list-9,L9-G16,Camouflage,1,normal
list-9,L9-G16,Cloak,2,normal
list-9,L9-G16,Dissemble,3,normal
list-9,L9-G16,Feign,4,normal
list-9,L9-G16,Guise,5,normal
list-9,L9-G16,Incognito,6,normal
list-9,L9-G16,Mask,7,normal
list-9,L9-G16,Shroud,8,normal
list-9,L9-G17,Clandestine,1,normal
list-9,L9-G17,Covert,2,normal
list-9,L9-G17,Discreet,3,normal
list-9,L9-G17,Furtive,4,normal
list-9,L9-G17,Sly,5,normal
list-9,L9-G17,Stealth,6,normal
list-9,L9-G17,Surreptitious,7,normal
list-9,L9-G17,Underhanded,8,normal
list-9,L9-G17,Overt,9,antonym
list-9,L9-G18,Unearth,1,normal
list-9,L9-G18,Unravel,2,normal
list-9,L9-G19,Diversity,1,normal
list-9,L9-G19,Eclectic,2,normal
list-9,L9-G19,Multifaceted,3,normal
list-9,L9-G19,Multifarious,4,normal
list-9,L9-G19,Pastiche,5,normal
list-9,L9-G19,Variegate,6,normal
list-9,L9-G19,Versatile,7,normal
list-9,L9-G20,Hyperbole,1,normal
list-9,L9-G20,Magnify,2,normal
list-9,L9-G20,Underplay,3,antonym
list-9,L9-G20,Understate,4,antonym
list-9,L9-G21,Divulge,1,normal
list-9,L9-G21,Telling,2,normal
list-9,L9-G21,Conceal,3,antonym
list-10,L10-G1,Articulate,1,normal
list-10,L10-G1,Coherent,2,normal
list-10,L10-G1,Eloquent,3,normal
list-10,L10-G1,Enunciate,4,normal
list-10,L10-G1,Inefabble,5,antonym
list-10,L10-G2,Adjourn,1,normal
list-10,L10-G2,Defer,2,normal
list-10,L10-G2,Protract,3,normal
list-10,L10-G2,Procrastinate,4,normal
list-10,L10-G3,Apprentice,1,normal
list-10,L10-G3,Novel,2,normal
list-10,L10-G3,Novice,3,normal
list-10,L10-G3,Rookie,4,normal
list-10,L10-G4,Mendacity,1,normal
list-10,L10-G4,Perjury,2,normal
list-10,L10-G4,Prevarication,3,normal
list-10,L10-G4,Veracity,4,antonym
list-10,L10-G5,Reprisal,1,normal
list-10,L10-G5,Retaliate,2,normal
list-10,L10-G6,Absurd,1,normal
list-10,L10-G6,Atypical,2,normal
list-10,L10-G6,Bizarre,3,normal
list-10,L10-G6,Ludicrous,4,normal
list-10,L10-G6,Outlandish,5,normal
list-10,L10-G6,Preposterous,6,normal
list-10,L10-G6,Uncanny,7,normal
list-10,L10-G7,Bleak,1,normal
list-10,L10-G7,Somber,2,normal
list-10,L10-G8,Arresting,1,normal
list-10,L10-G8,Captivate,2,normal
list-10,L10-G8,Enamored,3,normal
list-10,L10-G8,Enthrall,4,normal
list-10,L10-G8,Mesmerize,5,normal
list-10,L10-G8,Spellbinding,6,normal
list-10,L10-G8,Ennui,7,antonym
list-10,L10-G9,Epidemic,1,normal
list-10,L10-G9,Pandemic,2,normal
list-10,L10-G9,Rampant,3,normal
list-10,L10-G9,Rife,4,normal
list-10,L10-G9,Endemic,5,antonym
list-10,L10-G10,Audacious,1,normal
list-10,L10-G10,Chivalry,2,normal
list-10,L10-G10,Dauntless,3,normal
list-10,L10-G10,Gallant,4,normal
list-10,L10-G10,Intrepid,5,normal
list-10,L10-G10,Pluck,6,normal
list-10,L10-G10,Undaunted,7,normal
list-10,L10-G10,Valor,8,normal
list-10,L10-G11,Cow,1,normal
list-10,L10-G11,Cower,2,normal
list-10,L10-G11,Daunt,3,normal
list-10,L10-G11,Flinch,4,normal
list-10,L10-G11,Petrify,5,normal
list-10,L10-G11,Shrink,6,normal
list-10,L10-G11,Trepidation,7,normal
list-10,L10-G12,Abash,1,normal
list-10,L10-G12,Discomfit,2,normal
list-10,L10-G12,Mortify,3,normal
list-10,L10-G13,Indigenous,1,normal
list-10,L10-G13,Exotic,2,antonym
list-10,L10-G14,Conundrum,1,normal
list-10,L10-G14,Cryptic,2,normal
list-10,L10-G14,Enigma,3,normal
list-10,L10-G14,Inscrutable,4,normal
list-10,L10-G14,Intrigue,5,normal
list-10,L10-G15,Diffidence,1,normal
list-10,L10-G15,Reserved,2,normal
list-10,L10-G15,Retiring,3,normal
list-10,L10-G15,Timid,4,normal
list-10,L10-G16,Irony,1,normal
list-10,L10-G16,Ironic,1,variant
list-10,L10-G16,Paradox,2,normal
list-10,L10-G17,Aspersion,1,normal
list-10,L10-G17,Defame,2,normal
list-10,L10-G17,Malign,3,normal
list-10,L10-G17,Opprobrium,4,normal
list-10,L10-G17,Slander,5,normal
list-10,L10-G17,Stigmatization,6,normal
list-10,L10-G17,Vilify,7,normal
list-10,L10-G18,Ignominy,1,normal
list-10,L10-G18,Infamy,2,normal
list-10,L10-G18,Notorious,3,normal
list-10,L10-G19,Inadvertently,1,normal
list-10,L10-G19,Unwittingly,2,normal
list-10,L10-G20,Counterfeit,1,normal
list-10,L10-G20,Devious,2,normal
list-10,L10-G20,Dubious,3,normal
list-10,L10-G20,Erroneous,4,normal
list-10,L10-G20,Fabricate,5,normal
list-10,L10-G20,Fallacious,6,normal
list-10,L10-G20,Forgery,7,normal
list-10,L10-G20,Insincere,8,normal
list-10,L10-G20,Phony,9,normal
list-10,L10-G20,Sham,10,normal
list-10,L10-G20,Sophistry,11,normal
list-10,L10-G20,Spurious,12,normal
list-10,L10-G20,Authentic,14,antonym
list-10,L10-G20,Genuine,15,antonym
list-10,L10-G20,Legitimate,16,antonym
list-10,L10-G20,Veritable,17,antonym
list-10,L10-G21,Vigilant,1,normal
list-10,L10-G21,Inattentive,2,antonym
list-10,L10-G22,Vengeance,1,normal
list-10,L10-G22,Vindictive,2,normal
list-10,L10-G22,Retribution,3,normal
list-10,L10-G23,Critical,1,normal
list-10,L10-G23,Exigent,2,normal
list-10,L10-G23,Pressing,3,normal
list-10,L10-G24,Anecdote,1,normal
list-10,L10-G24,Narrative,2,normal
list-10,L10-G25,Demote,1,normal
list-10,L10-G25,Relegate,2,normal
list-10,L10-G25,Subordination,3,normal
list-11,L11-G1,Blemish,1,normal
list-11,L11-G1,Taint,2,normal
list-11,L11-G1,Tarnish,3,normal
list-11,L11-G3,Adulterate,1,normal
list-11,L11-G3,Contaminate,2,normal
list-11,L11-G3,Noxious,3,normal
list-11,L11-G3,Toxic,4,normal
list-11,L11-G4,Catharsis,1,normal
list-11,L11-G4,Expurgate,2,normal
list-11,L11-G4,Purge,3,normal
list-11,L11-G5,Inimitable,1,normal
list-11,L11-G5,Peerless,2,normal
list-11,L11-G6,Cogent,1,normal
list-11,L11-G6,Exhort,2,normal
list-11,L11-G6,Hortatory,3,normal
list-11,L11-G6,Induce,4,normal
list-11,L11-G6,Urge,5,normal
list-11,L11-G6,Court,7,note
list-11,L11-G7,Blandishment,1,normal
list-11,L11-G7,Cajole,2,normal
list-11,L11-G7,Coax,3,normal
list-11,L11-G8,Entreaty,1,normal
list-11,L11-G8,Implore,2,normal
list-11,L11-G8,Importune,3,normal
list-11,L11-G9,Justifiable,1,normal
list-11,L11-G9,Untenable,2,antonym
list-11,L11-G9,Indefensible,3,antonym
list-11,L11-G10,Coercion,1,normal
list-11,L11-G10,Compel,2,normal
list-11,L11-G10,Compulsion,3,normal
list-11,L11-G10,Press,4,normal
list-11,L11-G11,Allure,1,normal
list-11,L11-G11,Entice,2,normal
list-11,L11-G11,Lure,3,normal
list-11,L11-G12,Collude,1,normal
list-11,L11-G12,Connive,2,normal
list-11,L11-G12,Conspire,3,normal
list-11,L11-G12,Scheme,4,normal
list-11,L11-G12,Tactic,5,normal
list-11,L11-G13,Archetype,1,normal
list-11,L11-G13,Embody,2,normal
list-11,L11-G13,Epitome,3,normal
list-11,L11-G13,Exemplify,4,normal
list-11,L11-G13,Paradigm,5,normal
list-11,L11-G13,Paragon,6,normal
list-11,L11-G13,Personify,7,normal
list-11,L11-G14,Acuity,1,normal
list-11,L11-G14,Acumen,2,normal
list-11,L11-G14,Discerning,3,normal
list-11,L11-G14,Discriminating,4,normal
list-11,L11-G14,Insightful,5,normal
list-11,L11-G14,Judicious,6,normal
list-11,L11-G14,Omniscience,7,normal
list-11,L11-G14,Perceptive,8,normal
list-11,L11-G14,Perspicacious,9,normal
list-11,L11-G14,Prudent,10,normal
list-11,L11-G14,Sagacious,11,normal
list-11,L11-G14,Sage,12,normal
list-11,L11-G14,Impolitic,15,antonym
list-11,L11-G14,Imprudent,16,antonym
list-11,L11-G14,Simpleton,17,antonym
list-11,L11-G15,Secular,1,normal
list-11,L11-G15,Temporal,2,normal
list-11,L11-G15,Clerical,3,antonym
list-11,L11-G16,Congenital,1,normal
list-11,L11-G16,Entrenched,2,normal
list-11,L11-G16,Ingrained,3,normal
list-11,L11-G16,Inherent,4,normal
list-11,L11-G16,Innate,5,normal
list-11,L11-G16,Intrinsic,6,normal
list-11,L11-G17,Obtain,1,normal
list-11,L11-G17,Prevail,2,normal
list-11,L11-G17,Prevalent,3,normal
list-11,L11-G19,Astray,1,normal
list-11,L11-G19,Circuitous,2,normal
list-11,L11-G19,Digress,3,normal
list-11,L11-G19,Discursive,4,normal
list-11,L11-G19,Divergent,5,normal
list-11,L11-G19,Tangential,6,normal
list-11,L11-G20,Cognizant,1,normal
list-11,L11-G20,Oblivious,2,antonym
list-11,L11-G21,Affected,1,normal
list-11,L11-G21,Contrived,2,normal
list-11,L11-G21,Mannered,3,normal
list-11,L11-G21,Posture,4,normal
list-11,L11-G21,Pretentious,5,normal
list-11,L11-G22,Imbecile,1,normal
list-11,L11-G22,Inane,2,normal
list-11,L11-G22,Vacuous,3,normal
list-11,L11-G23,Behold,1,normal
list-11,L11-G23,Discern,2,normal
list-11,L11-G23,Perceive,3,normal
list-11,L11-G23,Imperceptible,4,antonym
list-12,L12-G1,Dwarf,1,normal
list-12,L12-G1,Infinitesimal,2,normal
list-12,L12-G1,Minuscule,3,normal
list-12,L12-G1,Slight,4,normal
list-12,L12-G2,Capacious,1,normal
list-12,L12-G2,Colossal,2,normal
list-12,L12-G2,Gargantuan,3,normal
list-12,L12-G2,Gigantic,4,normal
list-12,L12-G2,Humongous,5,normal
list-12,L12-G2,Monolithic,6,normal
list-12,L12-G2,Monumental,7,normal
list-12,L12-G2,Voluminous,8,normal
list-12,L12-G3,Inconsiderable,1,normal
list-12,L12-G3,Marginal,2,normal
list-12,L12-G3,Minute,3,normal
list-12,L12-G3,Negligible,4,normal
list-12,L12-G3,Trifle,5,normal
list-12,L12-G4,Construe,1,normal
list-12,L12-G4,Deduce,2,normal
list-12,L12-G4,Extrapolate,3,normal
list-12,L12-G4,Inductive,4,normal
list-12,L12-G4,Generalize,5,normal
list-12,L12-G5,Conjecture,1,normal
list-12,L12-G5,Hypothetical,2,normal
list-12,L12-G5,Presumptive,3,normal
list-12,L12-G5,Speculative,4,normal
list-12,L12-G5,Surmise,5,normal
list-12,L12-G5,Empirical,6,antonym
list-12,L12-G5,Experiential,7,antonym
list-12,L12-G6,Allude,1,normal
list-12,L12-G6,Allusion,1,variant
list-12,L12-G6,Implicit,2,normal
list-12,L12-G6,Tacit,3,normal
list-12,L12-G6,Blatant,4,antonym
list-12,L12-G6,Cite,5,antonym
list-12,L12-G6,Explicit,6,antonym
list-12,L12-G7,Conspicuous,1,normal
list-12,L12-G7,Distinctive,2,normal
list-12,L12-G7,Distinguishable,3,normal
list-12,L12-G7,Patent,4,normal
list-12,L12-G7,Prominent,5,normal
list-12,L12-G8,Nuances,1,normal
list-12,L12-G8,Subtle,2,normal
list-12,L12-G8,Shades,3,normal
list-12,L12-G9,Candid,1,normal
list-12,L12-G9,Candor,1,variant
list-12,L12-G9,Forthright,2,normal
list-12,L12-G9,Vocal,3,normal
list-12,L12-G9,Equivocation,4,antonym
list-12,L12-G10,Misnomer,1,normal
list-12,L12-G10,Tactless,2,normal
list-12,L12-G11,Bolster,1,normal
list-12,L12-G11,Buttress,2,normal
list-12,L12-G11,Fortify,3,normal
list-12,L12-G12,Ostracize,1,normal
list-12,L12-G12,Shun,2,normal
list-12,L12-G12,Taboo,3,normal
list-12,L12-G13,Adjacent,1,normal
list-12,L12-G13,Juxtaposition,2,normal
list-12,L12-G14,Alacrity,1,normal
list-12,L12-G14,Obliging,2,normal
list-12,L12-G14,Grudging,3,antonym
list-12,L12-G15,Accustomed,1,normal
list-12,L12-G15,Habituate,2,normal
list-12,L12-G15,Inure,3,normal
list-12,L12-G15,Inveterate,4,normal
list-12,L12-G15,Wont,5,normal
list-12,L12-G16,Apprehend,1,normal
list-12,L12-G16,Assimilate,2,normal
list-12,L12-G16,Comprehend,3,normal
list-12,L12-G16,Fathom,4,normal
list-12,L12-G16,Intelligible,5,normal
list-12,L12-G16,Illegible,6,antonym
list-12,L12-G16,Misconstrued,7,antonym
list-12,L12-G17,Intangible,1,normal
list-12,L12-G17,Tenuous,2,normal
list-12,L12-G17,Substantial,3,antonym
list-12,L12-G18,Compassion,1,normal
list-12,L12-G18,Empathy,2,normal
list-12,L12-G18,Callous,3,antonym
list-12,L12-G19,Gratify,1,normal
list-12,L12-G19,Replete,2,normal
list-12,L12-G19,Satiate,3,normal
list-12,L12-G19,Suffice,4,normal
list-12,L12-G20,Annihilate,1,normal
list-12,L12-G20,Decimate,2,normal
list-12,L12-G20,Devestate,3,normal
list-12,L12-G20,Efface,4,normal
list-12,L12-G20,Eradicate,5,normal
list-12,L12-G20,Excise,6,normal
list-12,L12-G20,Exterminate,7,normal
list-12,L12-G20,Obliterate,8,normal
list-12,L12-G20,Perish,9,normal
list-12,L12-G20,Raze,10,normal
list-12,L12-G20,Indelible,11,antonym
list-12,L12-G21,Enfranchise,1,normal
list-12,L12-G21,Suffrage,2,normal
list-12,L12-G22,Primed,1,normal
list-12,L12-G23,Acerbic,1,normal
list-12,L12-G23,Acrimonious,2,normal
list-12,L12-G23,Caustic,3,normal
list-12,L12-G23,Incisive,4,normal
list-12,L12-G23,Scathing,5,normal
list-12,L12-G23,Euphemism,6,antonym
list-13,L13-G1,Falter,1,normal
list-13,L13-G1,Flounder,2,normal
list-13,L13-G1,Founder,3,normal
list-13,L13-G1,Fumble,4,normal
list-13,L13-G2,Figurehead,1,normal
list-13,L13-G2,Nominal,2,normal
list-13,L13-G2,Titular,3,normal
list-13,L13-G3,Blasphemy,1,normal
list-13,L13-G3,Desecrate,2,normal
list-13,L13-G3,Impious,3,normal
list-13,L13-G3,Sacrilege,4,normal
list-13,L13-G3,Anoint,5,antonym
list-13,L13-G3,Consecrate,6,antonym
list-13,L13-G3,Pious,7,antonym
list-13,L13-G3,Sacrosanct,8,antonym
list-13,L13-G4,Robust,1,normal
list-13,L13-G4,Rugged,2,normal
list-13,L13-G4,Sturdy,3,normal
list-13,L13-G4,Vigorous,4,normal
list-13,L13-G5,Deplatform,1,normal
list-13,L13-G5,Sanction,2,normal
list-13,L13-G5,Veto,3,normal
list-13,L13-G6,Shoddy,1,normal
list-13,L13-G6,Sloppy,2,normal
list-13,L13-G6,Unkempt,3,normal
list-13,L13-G7,Impasse,1,normal
list-13,L13-G7,Stalemate,2,normal
list-13,L13-G8,Check,1,normal
list-13,L13-G8,Deter,2,normal
list-13,L13-G8,Dissuade,3,normal
list-13,L13-G8,Forestall,4,normal
list-13,L13-G8,Frustrate,5,normal
list-13,L13-G8,Hinder,6,normal
list-13,L13-G8,Impede,7,normal
list-13,L13-G8,Impediment,7,variant
list-13,L13-G8,Inhibit,8,normal
list-13,L13-G8,Obstruct,9,normal
list-13,L13-G8,Occlude,10,normal
list-13,L13-G8,Obviate,11,normal
list-13,L13-G8,Preclude,12,normal
list-13,L13-G8,Stanch,13,normal
list-13,L13-G8,Thwart,14,normal
list-13,L13-G8,Preempt,15,normal
list-13,L13-G9,Accelerate,1,normal
list-13,L13-G9,Expedite,2,normal
list-13,L13-G9,Facilitate,3,normal
list-13,L13-G9,Kindle,4,normal
list-13,L13-G9,Precipitate,5,normal
list-13,L13-G9,Prompt,6,normal
list-13,L13-G9,Propel,7,normal
list-13,L13-G9,Spurred,8,normal
list-13,L13-G9,Stimulate,9,normal
list-13,L13-G10,Officious,1,normal
list-13,L13-G10,Solicitous,2,normal
list-13,L13-G11,Remnant,1,normal
list-13,L13-G11,Residual,2,normal
list-13,L13-G11,Trace,3,normal
list-13,L13-G11,Vestige,4,normal
list-13,L13-G11,Modicum,5,note
list-13,L13-G12,Adorn,1,normal
list-13,L13-G12,Embellish,2,normal
list-13,L13-G12,Florid,3,normal
list-13,L13-G12,Ornate,4,normal
list-13,L13-G12,Resplendent,5,normal
list-13,L13-G13,Culpable,1,normal
list-13,L13-G13,Reprehensible,2,normal
list-13,L13-G14,Allege,1,normal
list-13,L13-G14,Allegation,1,variant
list-13,L13-G14,Implicate,2,normal
list-13,L13-G14,Incriminate,3,normal
list-13,L13-G14,Indict,4,normal
list-13,L13-G15,Condemn,1,normal
list-13,L13-G15,Convict,2,normal
list-13,L13-G15,Immure,3,normal
list-13,L13-G15,Incarcerate,4,normal
list-13,L13-G15,Sentence,5,normal
list-13,L13-G15,Condone,6,antonym
list-13,L13-G16,Acquit,1,normal
list-13,L13-G16,Exonerate,2,normal
list-13,L13-G16,Vindicate,3,normal
list-13,L13-G17,Deprecatory,1,normal
list-13,L13-G17,Derogatory,2,normal
list-13,L13-G17,Pejorative,3,normal
list-13,L13-G18,Servile,1,normal
list-13,L13-G18,Slavish,2,normal
list-13,L13-G18,Subservient,3,normal
list-13,L13-G19,Annul,1,normal
list-13,L13-G19,Disavow,2,normal
list-13,L13-G19,Null,3,normal
list-13,L13-G19,Renege,4,normal
list-13,L13-G19,Repudiate,5,normal
list-13,L13-G19,Retract,6,normal
list-13,L13-G19,Revoke,7,normal
list-13,L13-G19,Void,8,normal
list-13,L13-G20,Stark,1,normal
list-13,L13-G20,Barren,2,normal
list-13,L13-G21,Beholden,1,normal
list-13,L13-G21,Grateful,2,normal
list-13,L13-G21,Gratitude,3,normal
list-13,L13-G21,Indebted,4,normal
list-13,L13-G21,Obligated,5,normal
list-13,L13-G22,Makeshift,1,normal
list-13,L13-G22,Proxy,2,normal
list-13,L13-G22,Surrogate,3,normal
list-13,L13-G23,Ballot,1,normal
list-13,L13-G23,Referrendum,2,normal